City_ID,City,Country,Lat,Lng,Max Temp,Humidity,Cloudiness,Wind Speed,Description
0,Husavik,IS,66.0449,-17.3389,26.51,77,25,15.23,scattered clouds
1,Novonikolsk,RU,43.8506,131.8645,6.58,90,51,3.02,broken clouds
2,Alice Springs,AU,-23.7,133.8833,74.75,94,100,13.8,moderate rain
3,Mataura,NZ,-46.1927,168.8643,56.39,74,99,1.32,light rain
4,Punta Arenas,CL,-53.15,-70.9167,59.02,62,75,19.57,light rain
5,Hermanus,ZA,-34.4187,19.2345,87.91,55,0,23.31,clear sky
6,Namangan,UZ,40.9983,71.6726,32.45,80,13,4.61,mist
7,Tiarei,PF,-17.5333,-149.3333,77.0,76,16,13.51,light rain
8,Marystown,CA,47.1666,-55.1483,37.85,100,100,7.0,overcast clouds
9,Bredasdorp,ZA,-34.5322,20.0403,79.29,57,0,16.11,clear sky
10,Mar Del Plata,AR,-38.0023,-57.5575,78.87,55,0,11.99,clear sky
11,Trincomalee,LK,8.5711,81.2335,80.44,80,74,10.76,broken clouds
12,Rikitea,PF,-23.1203,-134.9692,76.32,78,100,10.8,light rain
13,Shimoda,JP,34.6667,138.95,40.1,65,58,11.34,broken clouds
14,Kenai,US,60.5544,-151.2583,19.45,93,20,0.0,few clouds
15,Tuktoyaktuk,CA,69.4541,-133.0374,-9.4,77,100,17.27,light snow
16,Puerto Ayora,EC,-0.7393,-90.3518,78.76,77,86,9.33,overcast clouds
17,Bluff,NZ,-46.6,168.3333,56.35,90,100,9.4,overcast clouds
18,Ushuaia,AR,-54.8,-68.3,58.66,67,40,3.44,scattered clouds
19,Khatanga,RU,71.9667,102.5,-2.34,98,100,4.85,light snow
20,Port Alfred,ZA,-33.5906,26.891,72.64,64,22,13.29,few clouds
21,Tommot,RU,58.9564,126.2925,-4.95,95,100,8.39,overcast clouds
22,Chamba,IN,32.5667,76.1333,49.75,57,0,7.9,clear sky
23,San Julian,MX,21.0167,-102.1667,52.57,63,2,6.33,clear sky
24,Hilo,US,19.7297,-155.09,67.8,75,75,6.91,broken clouds
25,Yellowknife,CA,62.456,-114.3525,-8.45,84,100,5.75,light snow
26,Inhambane,MZ,-23.865,35.3833,84.18,79,20,8.01,few clouds
27,Fereydunshahr,IR,32.941,50.121,5.05,71,0,5.53,clear sky
28,Umm Lajj,SA,25.0213,37.2685,66.63,42,0,14.25,clear sky
29,Ancud,CL,-41.8697,-73.8203,71.42,57,30,8.41,scattered clouds
30,Flinders,AU,-34.5833,150.8552,76.17,84,100,5.99,overcast clouds
31,Samarai,PG,-10.6167,150.6667,78.84,89,100,9.57,heavy intensity rain
32,Flin Flon,CA,54.7682,-101.865,1.24,78,75,4.61,broken clouds
33,Cape Town,ZA,-33.9258,18.4232,77.11,60,0,10.0,clear sky
34,Alofi,NU,-19.0595,-169.9187,71.49,100,96,0.0,overcast clouds
35,Tasiilaq,GL,65.6145,-37.6368,15.96,71,65,4.65,broken clouds
36,Lebu,CL,-37.6167,-73.65,65.19,72,1,9.42,clear sky
37,Zelenets,RU,61.8849,50.7489,14.41,93,100,8.97,overcast clouds
38,Barrow,US,71.2906,-156.7887,-9.38,70,40,11.5,scattered clouds
39,Broome,US,42.2506,-75.833,10.02,65,100,1.99,overcast clouds
40,Lamar,US,33.6668,-95.5836,49.35,65,0,8.05,clear sky
41,Beringovskiy,RU,63.05,179.3167,-10.3,100,100,3.31,overcast clouds
42,Jamestown,US,42.097,-79.2353,12.29,44,20,10.36,few clouds
43,Trelew,AR,-43.249,-65.3051,91.87,7,3,10.58,clear sky
44,Nome,US,64.5011,-165.4064,-9.33,59,0,4.61,clear sky
45,Klaksvik,FO,62.2266,-6.589,36.52,65,74,46.57,broken clouds
46,Airai,TL,-8.9266,125.4092,60.89,88,100,3.4,overcast clouds
47,Souillac,MU,-20.5167,57.5167,82.78,78,40,9.22,light rain
48,Hobart,AU,-42.8794,147.3294,62.26,76,100,5.75,overcast clouds
49,Sur,OM,22.5667,59.5289,72.36,55,7,0.63,clear sky
50,Nikolskoye,RU,59.7035,30.7861,26.71,93,100,8.72,light snow
51,Busselton,AU,-33.65,115.3333,71.1,79,0,14.54,clear sky
52,Los Llanos De Aridane,ES,28.6585,-17.9182,64.15,71,20,1.99,few clouds
53,Sao Filipe,CV,14.8961,-24.4956,71.62,69,100,11.07,overcast clouds
54,Ambilobe,MG,-13.2,49.05,74.86,93,42,1.83,moderate rain
55,Axim,GH,4.8699,-2.2405,86.76,56,98,12.1,overcast clouds
56,Nara,JP,34.6851,135.8049,43.88,48,93,2.28,overcast clouds
57,Vaini,TO,-21.2,-175.2,81.43,79,98,15.23,overcast clouds
58,Butaritari,KI,3.0707,172.7902,81.61,79,69,18.68,light rain
59,Ahipara,NZ,-35.1667,173.1667,59.02,89,98,6.49,overcast clouds
60,Atuona,PF,-9.8,-139.0333,77.13,76,13,13.58,few clouds
61,Maldonado,UY,-34.6667,-54.9167,78.19,42,0,5.55,clear sky
62,New Norfolk,AU,-42.7826,147.0587,61.92,97,27,0.78,scattered clouds
63,Gao,ML,16.6362,1.637,84.85,8,11,14.92,few clouds
64,Taunggyi,MM,20.7833,97.0333,47.43,46,0,3.42,clear sky
65,Fort Nelson,CA,58.8053,-122.7002,9.99,85,100,4.61,light snow
66,Vardo,NO,70.3705,31.1107,19.6,81,100,7.07,light snow
67,Hokitika,NZ,-42.7167,170.9667,55.65,78,87,3.49,overcast clouds
68,Aklavik,CA,68.2191,-135.0107,-17.57,69,0,3.44,clear sky
69,Hithadhoo,MV,-0.6,73.0833,81.39,68,100,5.17,overcast clouds
70,Yenagoa,NG,4.9247,6.2642,99.77,12,31,3.44,scattered clouds
71,Pisco,PE,-13.7,-76.2167,74.01,73,75,4.61,broken clouds
72,Dondo,MZ,-19.6094,34.7431,85.51,76,41,8.21,scattered clouds
73,Two Rivers,US,44.1539,-87.5693,16.32,71,100,1.01,overcast clouds
74,Ribeira Grande,PT,38.5167,-28.7,64.8,55,20,9.22,few clouds
75,Norfolk,US,42.1668,-71.2495,22.3,91,100,4.0,haze
76,Hervey Bay,AU,-25.2986,152.8535,76.01,88,18,13.0,few clouds
77,Port Elizabeth,ZA,-33.918,25.5701,79.11,64,20,12.66,few clouds
78,Nanortalik,GL,60.1432,-45.2371,24.15,78,100,12.53,snow
79,Daru,PG,-9.0763,143.2092,77.86,87,100,9.15,overcast clouds
80,Toamasina,MG,-18.1667,49.3833,80.6,83,40,5.75,scattered clouds
81,Faanui,PF,-16.4833,-151.75,80.02,75,12,10.31,few clouds
82,Bengkulu,ID,-3.8004,102.2655,77.07,88,100,3.83,overcast clouds
83,Ossora,RU,59.2353,163.0719,28.02,96,100,16.71,snow
84,Quatre Cocos,MU,-20.2078,57.7625,82.51,81,22,13.02,light rain
85,Odweyne,SO,9.4092,45.064,66.6,60,42,13.44,scattered clouds
86,Ayame,CI,5.6083,-3.1563,97.54,24,41,6.17,scattered clouds
87,Lorengau,PG,-2.0226,147.2712,80.55,80,100,10.38,light rain
88,Port Maria,JM,18.3685,-76.8895,82.96,76,46,8.55,scattered clouds
89,Guilin,CN,25.2819,110.2864,39.31,87,79,4.83,broken clouds
90,Araouane,ML,18.9048,-3.5265,84.31,9,94,13.49,overcast clouds
91,Severo-Kurilsk,RU,50.6789,156.125,23.36,68,100,20.69,overcast clouds
92,Port-Cartier,CA,50.0334,-66.8654,2.75,76,88,4.92,overcast clouds
93,Guatire,VE,10.4762,-66.5427,80.2,40,63,4.83,broken clouds
94,Batagay,RU,67.6333,134.6333,-36.17,99,99,3.06,overcast clouds
95,Thompson,CA,55.7435,-97.8558,-11.04,77,20,2.3,few clouds
96,Sandviken,SE,60.6167,16.7667,41.92,91,100,8.28,light rain
97,Upernavik,GL,72.7868,-56.1549,8.55,90,100,14.61,overcast clouds
98,Atambua,ID,-9.1061,124.8925,74.66,89,100,5.91,overcast clouds
99,Asasa,ET,7.1,39.2,62.01,29,75,2.24,broken clouds
100,Chokurdakh,RU,70.6333,147.9167,-10.62,83,100,3.85,overcast clouds
101,Altamira,BR,-3.2033,-52.2064,77.09,88,100,3.44,very heavy rain
102,Vila,PT,42.0304,-8.1588,55.71,20,1,2.89,clear sky
103,Sa Kaeo,TH,13.75,102.3333,79.5,71,19,4.38,few clouds
104,Pringsewu,ID,-5.3582,104.9744,73.81,96,93,2.95,overcast clouds
105,Darnah,LY,32.767,22.6367,56.53,68,75,25.23,broken clouds
106,Ayan,RU,56.45,138.1667,0.54,82,100,16.89,overcast clouds
107,Kruisfontein,ZA,-34.0033,24.7314,76.89,59,0,14.63,clear sky
108,Sao Jose Da Coroa Grande,BR,-8.8978,-35.1478,84.02,64,92,9.89,overcast clouds
109,Avarua,CK,-21.2078,-159.775,75.25,88,50,4.61,scattered clouds
110,Wewak,PG,-3.5534,143.6268,78.67,85,95,10.74,overcast clouds
111,Nelson Bay,AU,-32.7167,152.15,74.08,84,93,1.01,overcast clouds
112,Mabaruma,GY,8.2,-59.7833,82.4,69,75,9.22,broken clouds
113,Meulaboh,ID,4.1363,96.1285,78.4,87,91,1.01,light rain
114,Cabo San Lucas,MX,22.8909,-109.9124,72.52,70,49,3.33,scattered clouds
115,Vanavara,RU,60.34,102.2797,-2.04,98,100,3.83,overcast clouds
116,San Quintin,MX,30.4833,-115.95,61.43,35,35,1.74,scattered clouds
117,Celestun,MX,20.8667,-90.4,69.76,63,100,19.28,overcast clouds
118,Marau,BR,-28.4492,-52.2,76.91,50,68,6.26,broken clouds
119,Dunedin,NZ,-45.8742,170.5036,58.8,85,100,2.75,overcast clouds
120,Olafsvik,IS,64.8945,-23.7142,35.89,84,97,21.45,overcast clouds
121,Albany,US,42.6001,-73.9662,12.81,80,100,1.99,light snow
122,Muisne,EC,0.6,-80.0333,80.71,85,100,3.94,moderate rain
123,Half Moon Bay,US,37.4636,-122.4286,53.62,82,0,0.0,mist
124,Tiksi,RU,71.6872,128.8694,-9.13,100,40,3.22,scattered clouds
125,Cabadiangan,PH,9.7531,122.4739,77.54,87,88,2.73,overcast clouds
126,Emerald,AU,-23.5333,148.1667,77.14,65,28,10.36,scattered clouds
127,Port Moresby,PG,-9.4431,147.1797,78.22,94,75,5.75,broken clouds
128,Georgetown,MY,5.4112,100.3354,84.15,79,20,7.0,few clouds
129,Loiza,PR,18.4313,-65.8802,87.08,58,40,3.44,scattered clouds
130,Belmonte,BR,-15.8631,-38.8828,77.5,67,44,9.66,light rain
131,Talnakh,RU,69.4865,88.3972,-2.79,96,100,9.64,overcast clouds
132,Carire,BR,-3.9506,-40.4733,85.73,50,100,5.41,overcast clouds
133,Bambous Virieux,MU,-20.3428,57.7575,82.65,78,40,9.22,light rain
134,Provideniya,RU,64.3833,-173.3,1.51,91,8,4.56,clear sky
135,Maues,BR,-3.3836,-57.7186,77.63,95,99,3.31,overcast clouds
136,Sungaipenuh,ID,-2.0833,101.3833,65.5,98,99,1.81,moderate rain
137,Khani,GE,41.9563,42.9566,29.77,86,84,5.86,broken clouds
138,Port Hedland,AU,-20.3167,118.5667,84.25,74,40,10.36,scattered clouds
139,Mitsamiouli,KM,-11.3847,43.2844,84.49,74,20,4.61,moderate rain
140,Kulhudhuffushi,MV,6.6221,73.07,81.09,77,72,16.15,broken clouds
141,Raudeberg,NO,61.9875,5.1352,38.07,81,100,7.0,light snow
142,Pevek,RU,69.7008,170.3133,-13.95,98,100,3.42,overcast clouds
143,Asau,RO,46.4333,26.4,29.39,84,52,5.08,broken clouds
144,Noshiro,JP,40.2039,140.0242,27.86,68,100,21.97,overcast clouds
145,Russell,US,32.3502,-85.1999,34.88,41,0,13.8,clear sky
146,Kapaa,US,22.0752,-159.319,73.72,94,100,1.99,moderate rain
147,Vestmannaeyjar,IS,63.4427,-20.2734,31.19,64,0,2.3,light snow
148,Clyde River,CA,70.4692,-68.5914,-5.57,77,100,4.61,light snow
149,Necochea,AR,-38.5473,-58.7368,88.03,37,2,11.54,clear sky
150,Rio Gallegos,AR,-51.6226,-69.2181,68.05,37,0,6.91,clear sky
151,Biga,TR,40.2281,27.2422,44.98,86,100,5.35,overcast clouds
152,Komsomolskiy,UZ,40.4272,71.7189,38.12,87,75,2.3,mist
153,Ishigaki,JP,24.3448,124.1572,67.98,86,100,28.77,overcast clouds
154,Pitimbu,BR,-7.4706,-34.8086,84.79,65,82,9.35,broken clouds
155,Marzuq,YE,14.4,46.4667,66.51,54,100,5.19,overcast clouds
156,Castro,BR,-24.7911,-50.0119,59.95,99,100,5.57,overcast clouds
157,Haines Junction,CA,60.7522,-137.5108,13.95,67,100,10.36,overcast clouds
158,Kourou,GF,5.1552,-52.6478,86.05,63,74,7.11,broken clouds
159,Victoria,HK,22.2855,114.1577,64.26,84,85,1.01,overcast clouds
160,Vila Velha,BR,-20.3297,-40.2925,89.55,67,20,11.99,few clouds
161,Kieta,PG,-6.2167,155.6333,79.32,84,100,5.48,moderate rain
162,Zabol,AF,32.25,67.25,41.43,56,3,9.98,clear sky
163,Tomatlan,MX,19.9333,-105.25,78.33,46,0,1.97,clear sky
164,Kaitangata,NZ,-46.2817,169.8464,54.97,77,100,4.16,overcast clouds
165,Namibe,AO,-15.1961,12.1522,73.9,71,84,10.98,broken clouds
166,Mani,CO,4.8172,-72.2886,94.15,30,30,14.74,scattered clouds
167,Coquimbo,CL,-29.9533,-71.3436,69.53,64,75,13.8,broken clouds
168,Jasper,US,37.2001,-94.3502,41.02,49,0,8.99,clear sky
169,Bardsir,IR,29.9227,56.5743,51.85,36,95,7.56,overcast clouds
170,Bethel,US,41.3712,-73.414,20.48,83,100,5.99,haze
171,Falmouth,GB,50.1544,-5.0711,52.79,93,75,9.22,broken clouds
172,Qaanaaq,GL,77.484,-69.3632,-8.14,58,76,9.26,broken clouds
173,Ban Nahin,LA,18.2418,104.2122,75.4,50,94,3.49,overcast clouds
174,Luderitz,NA,-26.6481,15.1594,72.82,69,57,15.21,broken clouds
175,San Patricio,US,28.017,-97.5169,57.87,38,62,3.36,broken clouds
176,Dikson,RU,73.5069,80.5464,2.39,93,98,21.32,overcast clouds
177,Torit,SS,4.4133,32.5678,91.45,17,0,6.38,clear sky
178,Shirokiy,RU,49.758,129.523,-25.83,100,10,5.39,clear sky
179,Marsh Harbour,BS,26.5412,-77.0636,60.35,59,93,32.48,overcast clouds
180,Gorontalo,ID,0.5412,123.0595,73.81,95,66,3.31,broken clouds
181,Ust-Kuyga,RU,70.0167,135.6,-36.47,100,100,4.41,overcast clouds
182,Liverpool,GB,53.4106,-2.9779,50.76,72,0,15.01,clear sky
183,Jiayuguan,CN,39.8167,98.3,16.52,56,0,4.23,clear sky
184,Longyearbyen,SJ,78.2186,15.6401,10.24,61,20,17.27,few clouds
185,Guerrero Negro,MX,27.9769,-114.0611,62.64,41,2,2.46,clear sky
186,East London,ZA,-33.0153,27.9116,74.34,68,40,16.11,scattered clouds
187,Agadez,NE,19.75,10.25,69.33,12,3,11.83,clear sky
188,Grindavik,IS,63.8424,-22.4338,36.07,87,75,21.85,light rain
189,Ixtapa,MX,20.7,-105.2,79.36,38,0,2.62,clear sky
190,Port Lincoln,AU,-34.7333,135.8667,64.42,84,11,13.65,few clouds
191,Nekrasovka,RU,48.3525,135.2325,-16.58,76,70,4.47,broken clouds
192,Rosetown,CA,51.5501,-108.0014,24.78,80,100,4.61,overcast clouds
193,Cravo Norte,CO,6.3017,-70.2041,92.73,34,22,14.18,few clouds
194,Ihosy,MG,-22.4,46.1167,77.72,56,9,7.87,clear sky
195,Mango,US,27.9797,-82.3065,53.51,58,0,18.41,clear sky
196,Bonthe,SL,7.5264,-12.505,83.86,66,49,13.73,scattered clouds
197,Huarmey,PE,-10.0681,-78.1522,74.8,73,96,10.16,overcast clouds
198,Puerto Escondido,MX,15.85,-97.0667,83.01,47,2,4.27,clear sky
199,Maple Creek,CA,49.9168,-109.4848,37.81,79,100,3.44,overcast clouds
200,Sam Chuk,TH,14.7576,100.0899,85.06,69,88,11.14,overcast clouds
201,Kloulklubed,PW,7.0419,134.2556,77.5,78,99,7.87,overcast clouds
202,Bathsheba,BB,13.2167,-59.5167,83.01,77,40,19.57,scattered clouds
203,Akureyri,IS,65.6835,-18.0878,26.53,59,0,10.36,clear sky
204,Pangnirtung,CA,66.1451,-65.7125,-14.8,76,100,6.91,light snow
205,Synya,RU,65.3718,58.0387,10.09,91,100,11.74,overcast clouds
206,Cidreira,BR,-30.1811,-50.2056,74.64,58,42,12.17,scattered clouds
207,Manyana,BW,-23.4,21.7167,78.71,54,70,18.25,broken clouds
208,Boralday,KZ,43.3578,76.8594,33.66,93,100,6.71,fog
209,Saint-Philippe,RE,-21.3585,55.7679,80.19,85,78,9.78,light rain
210,Mandurah,AU,-32.55,115.7,78.22,58,48,8.79,scattered clouds
211,Kavieng,PG,-2.5744,150.7967,81.18,74,92,3.04,light rain
212,Poum,NC,-20.2333,164.0167,80.98,81,16,14.94,few clouds
213,Dingle,PH,10.9995,122.6711,76.23,90,59,3.02,broken clouds
214,Ntcheu,MW,-14.8203,34.6359,66.31,96,90,2.62,moderate rain
215,Lyubech,UA,51.7026,30.6569,31.05,91,99,10.18,overcast clouds
216,Roebourne,AU,-20.7833,117.1333,84.56,60,78,10.76,broken clouds
217,Desaguadero,PE,-16.5656,-69.0417,53.8,60,98,4.32,overcast clouds
218,Wagar,SD,16.1525,36.2032,78.26,36,44,16.55,scattered clouds
219,Fairbanks,US,64.8378,-147.7164,-13.99,75,0,0.0,clear sky
220,Fortuna,US,40.5982,-124.1573,39.54,81,0,11.5,clear sky
221,Torbay,CA,47.6666,-52.7314,37.27,83,75,17.27,light rain
222,Boffa,GN,10.1667,-14.0333,96.51,48,12,14.05,few clouds
223,Saldanha,ZA,-33.0117,17.9442,87.85,73,2,24.05,clear sky
224,Cherskiy,RU,68.75,161.3,-21.08,100,83,2.3,broken clouds
225,Vredendal,ZA,-31.6683,18.5012,90.66,26,0,22.68,clear sky
226,Kyakhta,RU,50.3508,106.4494,-15.65,100,76,2.51,broken clouds
227,Erzin,TR,36.9559,36.2,48.72,78,69,6.29,broken clouds
228,Orcopampa,PE,-15.2661,-72.3417,56.19,50,65,6.13,broken clouds
229,Tubuala,PA,9.5167,-79.0333,89.33,67,35,13.09,scattered clouds
230,Muzhi,RU,65.3667,64.6667,-16.2,100,66,4.05,broken clouds
231,Saint Anthony,US,45.0205,-93.218,17.78,70,0,5.01,clear sky
232,Harper,LR,4.375,-7.7169,84.65,67,82,10.71,light rain
233,Sindou,BF,10.6667,-5.1667,97.07,9,7,8.39,clear sky
234,Chuy,UY,-33.6971,-53.4616,74.86,59,43,8.16,scattered clouds
235,Karatau,KZ,43.1667,70.4667,32.13,80,83,13.0,broken clouds
236,Mahebourg,MU,-20.4081,57.7,82.69,78,40,9.22,scattered clouds
237,Hovd,MN,48.0056,91.6419,-11.69,75,10,2.98,clear sky
238,Mapiri,BO,-15.25,-68.1667,85.23,54,87,2.77,overcast clouds
239,Sarh,TD,9.1429,18.3923,92.77,11,18,5.97,few clouds
240,Westport,US,41.1415,-73.3579,21.79,89,100,7.0,mist
241,Berlevag,NO,70.8578,29.0864,28.78,86,100,7.58,light snow
242,Grand Gaube,MU,-20.0064,57.6608,82.8,75,3,5.99,clear sky
243,Yulara,AU,-25.2406,130.9889,82.24,61,96,17.27,overcast clouds
244,Ampanihy,MG,-24.7,44.75,80.8,45,0,11.5,clear sky
245,Curup,ID,-3.4667,102.5333,69.3,98,100,0.96,overcast clouds
246,Port Blair,IN,11.6667,92.75,80.64,74,75,8.05,mist
247,Poopo,BO,-18.3667,-66.9667,52.57,67,100,4.27,overcast clouds
248,Bubaque,GW,11.2833,-15.8333,79.12,54,32,15.48,scattered clouds
249,Setermoen,NO,68.861,18.3486,21.16,86,100,8.97,overcast clouds
250,Diego De Almagro,CL,-26.3667,-70.05,76.46,26,0,9.06,clear sky
251,Hobyo,SO,5.3505,48.5268,77.88,72,99,21.88,overcast clouds
252,Ferme-Neuve,CA,46.7001,-75.4493,-11.42,73,51,7.23,broken clouds
253,Scarborough,GB,54.2797,-0.4044,51.37,66,23,5.99,few clouds
254,Mount Pleasant,US,32.7941,-79.8626,42.01,71,75,1.01,broken clouds
255,Kalabo,ZM,-14.97,22.6814,68.45,81,99,7.74,overcast clouds
256,Gizo,SB,-8.103,156.8419,82.02,76,96,5.01,light rain
257,Leningradskiy,RU,69.3833,178.4167,-3.21,84,84,4.52,broken clouds
258,Istok,XK,42.7808,20.4875,34.72,75,35,5.06,scattered clouds
259,Tautira,PF,-17.7333,-149.15,77.0,77,23,14.23,few clouds
260,Anamur,TR,36.0751,32.8369,49.46,70,98,7.9,overcast clouds
261,Kibala,TD,9.1104,18.3463,92.86,11,18,5.93,few clouds
262,Maceio,BR,-9.6658,-35.7353,87.24,62,40,10.36,scattered clouds
263,Kahului,US,20.8947,-156.47,71.62,71,0,10.36,clear sky
264,Constitucion,CL,-35.3333,-72.4167,67.77,69,13,9.46,few clouds
265,Kismayo,SO,-0.3582,42.5454,78.17,81,57,16.64,broken clouds
266,Albania,AL,41.0,20.0,45.79,58,3,6.11,clear sky
267,Okhotsk,RU,59.3833,143.3,13.91,80,100,14.99,overcast clouds
268,Malakal,SS,9.5334,31.6605,83.34,16,2,6.42,clear sky
269,Iqaluit,CA,63.7506,-68.5145,-13.27,69,100,10.0,light snow
270,Tezu,IN,27.9167,96.1667,53.56,51,7,4.25,clear sky
271,Madang,PG,-5.2246,145.7966,76.66,92,100,6.38,overcast clouds
272,Farsund,NO,58.0948,6.8047,43.95,100,96,42.37,overcast clouds
273,Rosarito,MX,32.3333,-117.0333,61.41,29,100,3.91,overcast clouds
274,Lucapa,AO,-8.4192,20.7447,69.85,92,100,5.35,moderate rain
275,Esperance,AU,-33.8667,121.9,66.04,73,1,17.81,clear sky
276,Puerto Del Rosario,ES,28.5004,-13.8627,65.95,72,3,5.75,haze
277,Wuxi,CN,31.5689,120.2886,35.98,64,100,6.26,light rain
278,Paris,FR,48.8534,2.3488,51.98,92,100,5.01,overcast clouds
279,Usogorsk,RU,63.4106,48.6872,16.45,93,100,9.91,light snow
280,Akersberga,SE,59.4794,18.2997,39.27,93,100,15.5,overcast clouds
281,Noumea,NC,-22.2763,166.4572,79.0,99,100,3.49,overcast clouds
282,Alyangula,AU,-13.8483,136.4192,80.47,89,100,6.91,overcast clouds
283,Arraial Do Cabo,BR,-22.9661,-42.0278,89.56,66,40,9.22,light rain
284,Strezhevoy,RU,60.7333,77.5889,-4.02,100,96,3.98,overcast clouds
285,Khanpur,PK,28.6453,70.6567,61.99,20,1,1.36,clear sky
286,Mezen,RU,65.8522,44.24,16.92,94,100,8.81,overcast clouds
287,Balanacan,PH,13.5289,121.8677,76.14,81,15,2.62,few clouds
288,Ginda,IN,30.6945,78.4932,41.74,48,0,7.78,clear sky
289,Sokna,NO,60.24,9.9235,47.61,85,91,6.08,overcast clouds
290,Beoumi,CI,7.6736,-5.5764,96.58,17,9,5.28,clear sky
291,Jining,CN,35.405,116.5814,37.99,1,6,2.04,clear sky
292,Paita,PE,-5.0892,-81.1144,79.36,67,91,5.88,overcast clouds
293,Gamba,GA,-2.65,10.0,80.19,75,60,10.51,broken clouds
294,Hasaki,JP,35.7333,140.8333,36.28,89,99,20.96,overcast clouds
295,Bongandanga,CD,1.5,21.05,93.15,21,58,2.73,broken clouds
296,Ponta Do Sol,PT,32.6667,-17.1,70.72,55,62,7.27,broken clouds
297,Andenes,NO,69.3143,16.1194,28.38,64,100,19.57,overcast clouds
298,Praia Da Vitoria,PT,38.7333,-27.0667,63.75,77,75,11.48,broken clouds
299,Black River,JM,18.0264,-77.8487,80.98,54,9,7.43,clear sky
300,Forestville,US,38.8451,-76.875,25.66,58,20,18.41,few clouds
301,Mahroni,IN,24.5862,78.7288,58.8,35,0,2.77,clear sky
302,Totoro,CO,2.512,-76.4012,60.24,73,99,4.83,overcast clouds
303,Ordu,TR,40.9086,37.6845,20.68,86,89,6.29,overcast clouds
304,Charters Towers,AU,-20.1,146.2667,72.45,86,38,8.14,scattered clouds
305,Salalah,OM,17.0151,54.0924,71.51,70,76,5.12,broken clouds
306,Palmer,US,42.1584,-72.3287,19.71,77,100,8.01,light snow
307,Saint-Joseph,RE,-21.3667,55.6167,79.18,85,78,10.69,light rain
308,Coihaique,CL,-45.5752,-72.0662,68.61,27,0,10.36,clear sky
309,Fernie,CA,49.5,-115.0687,13.17,100,99,0.85,overcast clouds
310,Kamenka,RU,51.3223,42.7678,32.76,98,99,8.12,snow
311,Great Yarmouth,GB,52.6083,1.7305,54.23,66,53,24.49,broken clouds
312,Vagur,FO,61.4732,-6.8119,38.28,64,36,42.95,scattered clouds
313,Biltine,TD,14.5333,20.9167,79.54,9,2,10.6,clear sky
314,Karratha,AU,-20.7377,116.8463,83.59,62,90,10.42,overcast clouds
315,Bud,US,39.447,-86.1758,18.19,78,26,4.45,scattered clouds
316,Camacha,PT,33.0833,-16.3333,64.53,63,0,9.22,clear sky
317,Eyl,SO,7.9803,49.8164,76.26,68,100,23.26,overcast clouds
318,Carnarvon,AU,-24.8667,113.6333,77.07,88,0,8.05,clear sky
319,Ponta Delgada,PT,37.7333,-25.6667,64.51,59,20,10.36,few clouds
320,Perth,AU,-31.9333,115.8333,78.67,65,0,8.05,clear sky
321,Santa Cruz,BO,-17.8,-63.1667,87.85,42,75,17.27,broken clouds
322,Salinopolis,BR,-0.6136,-47.3561,74.79,90,100,6.85,light rain
323,Turukhansk,RU,65.8167,87.9833,2.08,95,100,10.49,light snow
324,Wanning,CN,18.8003,110.3967,66.6,90,75,10.94,broken clouds
325,Auki,SB,-8.7676,160.7034,77.68,87,100,3.56,light rain
326,Port Hardy,CA,50.6996,-127.4199,46.76,87,100,19.57,light rain
327,Hannibal,US,39.7084,-91.3585,27.52,46,0,8.05,clear sky
328,Olga,RU,43.7444,135.2892,8.22,55,9,14.29,clear sky
329,Miltenberg,DE,49.7039,9.2644,46.13,89,100,5.99,overcast clouds
330,Tyukhtet,RU,56.5389,89.3011,-6.48,98,60,3.71,broken clouds
331,Geraldton,AU,-28.7667,114.6,74.12,78,4,5.75,clear sky
332,Padang,ID,-0.9492,100.3543,77.61,88,82,3.49,moderate rain
333,Moron,AR,-34.6534,-58.6198,84.02,51,4,6.24,clear sky
334,Thaba-Tseka,LS,-29.522,28.6084,70.0,39,63,12.75,broken clouds
335,Clarksburg,US,39.2807,-80.3445,14.79,68,0,10.36,clear sky
336,Norman Wells,CA,65.282,-126.8329,-27.36,68,75,4.61,light snow
337,Najran,SA,17.4924,44.1277,74.05,34,46,4.38,scattered clouds
338,Kamuli,UG,0.9472,33.1197,79.36,30,33,1.68,scattered clouds
339,Mezhdurechensk,RU,53.6942,88.0603,1.69,98,86,2.15,overcast clouds
340,Sturgis,US,41.7992,-85.4192,16.07,79,100,6.91,overcast clouds
341,Richards Bay,ZA,-28.783,32.0377,76.28,77,32,7.78,scattered clouds
342,Muli,MV,2.9167,73.5667,81.79,66,81,7.34,broken clouds
343,Mount Isa,AU,-20.7333,139.5,74.97,100,40,0.0,scattered clouds
344,Inongo,CD,-1.95,18.2667,84.31,47,63,1.9,broken clouds
345,Saint George,US,37.1041,-113.5841,50.47,46,0,0.0,clear sky
346,Sambava,MG,-14.2667,50.1667,78.69,84,18,10.71,light rain
347,Vila Franca Do Campo,PT,37.7167,-25.4333,64.2,69,40,9.64,scattered clouds
348,Matagami,CA,49.7502,-77.6328,-9.29,77,100,10.36,overcast clouds
349,Abu Samrah,SY,35.3029,37.1841,43.52,73,86,5.79,overcast clouds
350,Bilibino,RU,68.0546,166.4372,-5.24,88,100,3.83,overcast clouds
351,Opuwo,NA,-18.0607,13.84,87.53,17,94,20.74,overcast clouds
352,Torgau,DE,51.5667,13.0,47.37,89,100,24.63,overcast clouds
353,Kalianget,ID,-7.05,113.9333,79.74,84,100,7.83,overcast clouds
354,Bereda,ES,43.2686,-7.5406,56.88,87,1,3.71,clear sky
355,Pindwara,IN,24.8,73.0667,61.27,23,0,1.9,clear sky
356,Urumqi,CN,43.801,87.6005,-4.85,84,75,0.0,mist
357,Natal,BR,-5.795,-35.2094,84.85,69,20,4.61,few clouds
358,Chicama,PE,-7.8447,-79.1469,68.54,61,65,8.37,broken clouds
359,Bossangoa,CF,6.4926,17.4552,94.3,12,53,6.06,broken clouds
360,Vanimo,PG,-2.6741,141.3028,76.98,89,100,5.37,overcast clouds
361,Surovikino,RU,48.6078,42.8486,35.26,98,100,17.69,light snow
362,Barcelos,PT,41.5388,-8.6151,66.29,46,1,1.83,clear sky
363,Hofn,IS,64.2539,-15.2082,27.84,50,0,9.86,clear sky
364,Lancaster,US,40.2504,-76.2499,17.78,62,100,7.0,overcast clouds
365,Crixas,BR,-14.5489,-49.9692,79.7,73,83,11.68,broken clouds
366,Sioux Lookout,CA,50.1001,-91.917,3.58,85,100,4.61,overcast clouds
367,Sainte-Marie,RE,-20.8968,55.5496,80.76,89,75,12.66,broken clouds
368,Evensk,RU,61.95,159.2333,21.88,83,100,19.39,overcast clouds
369,Puerto Colombia,CO,10.9878,-74.9547,82.49,74,59,20.38,broken clouds
370,Itupiranga,BR,-5.1347,-49.3267,84.52,89,100,4.07,overcast clouds
371,Lita,RO,43.8,24.8167,45.03,61,6,12.73,clear sky
372,Humaita,BR,-7.5061,-63.0208,74.91,98,100,3.85,light rain
373,Cap Malheureux,MU,-19.9842,57.6142,82.89,75,2,4.0,clear sky
374,Ewa Beach,US,21.3156,-158.0072,73.69,75,2,5.01,clear sky
375,Tingi,TZ,-11.3,35.0333,64.92,94,97,3.67,light rain
376,Mayo,US,38.8876,-76.5119,26.42,63,40,14.0,haze
377,Lagoa,PT,39.05,-27.9833,58.57,73,0,11.43,clear sky
378,Portmore,JM,17.9702,-76.8672,83.97,61,20,4.61,few clouds
379,Plouzane,FR,48.3833,-4.6167,50.32,84,100,10.36,overcast clouds
380,Adrar,MR,20.5022,-10.0711,87.37,9,100,13.49,overcast clouds
381,Atbasar,KZ,51.8,68.3333,9.77,96,100,6.26,overcast clouds
382,Caala,AO,-12.8525,15.5606,67.24,80,100,6.62,light rain
383,Keffi,NG,8.8486,7.8736,97.18,9,100,3.69,overcast clouds
384,Takoradi,GH,4.8845,-1.7554,84.78,62,99,11.65,overcast clouds
385,Silver City,US,32.7701,-108.2803,41.67,29,0,4.0,clear sky
386,El Banco,CO,9.0011,-73.9758,85.46,61,82,3.04,broken clouds
387,Bambanglipuro,ID,-7.95,110.2833,77.38,89,100,3.38,moderate rain
388,Nishihara,JP,26.1842,127.7558,61.88,88,100,13.8,light rain
389,Orocue,CO,4.7912,-71.3354,93.69,30,36,13.96,scattered clouds
390,Golkoy,TR,40.6875,37.6178,19.51,82,93,6.69,overcast clouds
391,Vilcun,CL,-38.65,-72.2333,57.94,33,0,6.08,clear sky
392,Banda Aceh,ID,5.5577,95.3222,79.25,84,21,8.72,few clouds
393,Nanfeng,CN,23.7434,111.7959,44.06,90,100,3.18,overcast clouds
394,Dano,BF,11.15,-3.0667,97.18,8,34,8.72,scattered clouds
395,Nemuro,JP,43.3236,145.575,20.52,67,22,19.57,few clouds
396,Dodola,ET,6.9833,39.1833,60.55,31,76,1.77,broken clouds
397,Forbes,AU,-33.3833,148.0167,75.92,87,26,5.59,scattered clouds
398,Portland,US,45.5234,-122.6762,39.38,80,71,1.01,broken clouds
399,Isangel,VU,-19.55,169.2667,78.91,94,100,6.91,moderate rain
400,Viedma,AR,-40.8135,-62.9967,95.14,23,0,14.61,clear sky
401,Vostok,RU,46.4856,135.8833,-16.65,99,100,3.38,overcast clouds
402,Makokou,GA,0.5738,12.8642,95.68,18,47,0.74,scattered clouds
403,San Cristobal,VE,7.7669,-72.225,73.58,40,61,5.55,broken clouds
404,Lichinga,MZ,-13.3128,35.2406,69.89,94,75,5.75,thunderstorm
405,Herat,AF,34.5,62.0,43.21,55,0,2.06,clear sky
406,Yuci,CN,37.6803,112.7319,19.15,79,12,2.24,haze
407,Kokstad,ZA,-30.5472,29.4241,64.96,85,68,5.19,broken clouds
408,Kanniyakumari,IN,8.0833,77.5667,79.68,78,39,17.2,scattered clouds
409,Tateyama,JP,34.9833,139.8667,42.06,75,20,6.91,few clouds
410,Verkhnevilyuysk,RU,63.4453,120.3167,-13.61,98,90,6.71,overcast clouds
411,Bundaberg,AU,-24.85,152.35,73.69,90,100,3.0,overcast clouds
412,Egvekinot,RU,66.3167,-179.1667,-0.78,65,86,4.74,overcast clouds
413,Sitka,US,57.0531,-135.33,37.65,95,100,7.11,moderate rain
414,Zhanaozen,KZ,43.3,52.8,34.14,67,21,3.94,few clouds
415,Urubicha,BO,-15.3833,-62.95,85.68,60,89,2.48,overcast clouds
416,Saskylakh,RU,71.9167,114.0833,-19.86,100,100,3.74,overcast clouds
417,Vaitape,PF,-16.5167,-151.75,80.04,75,12,10.29,few clouds
418,Makungu,TZ,-8.7333,35.2833,65.01,99,100,5.35,heavy intensity rain
419,Bilma,NE,18.6853,12.9164,72.01,12,0,12.37,clear sky
420,Shelburne,CA,44.0787,-80.2041,7.12,77,3,6.04,clear sky
421,Dong Hoi,VN,17.4833,106.6,73.6,90,95,4.56,overcast clouds
422,Manjakandriana,MG,-18.9167,47.8,76.69,80,37,5.64,scattered clouds
423,Shenkursk,RU,62.1091,42.896,17.56,94,100,6.62,light snow
424,Iskateley,RU,67.6803,53.1512,8.19,94,99,12.15,overcast clouds
425,Puerto Ayacucho,VE,5.6639,-67.6236,82.18,23,51,9.66,broken clouds
426,Grand-Lahou,CI,5.1367,-5.0242,86.27,61,74,10.33,broken clouds
427,Limoges,FR,45.75,1.3333,42.67,100,100,3.44,fog
428,Saint-Augustin,CA,51.226,-58.6502,1.47,72,87,9.89,overcast clouds
429,Shawinigan,CA,46.5668,-72.7491,0.59,59,98,10.36,overcast clouds
430,Beisfjord,NO,68.3751,17.5988,23.05,83,100,10.18,overcast clouds
431,Yaan,NG,7.3833,8.5667,94.01,10,100,11.56,overcast clouds
432,Phan Thiet,VN,10.9333,108.1,72.91,87,53,3.33,broken clouds
433,Lumby,CA,50.2498,-118.969,28.72,94,100,3.42,overcast clouds
434,Codrington,AU,-38.2667,141.9667,63.14,80,86,9.04,overcast clouds
435,Santiago Del Estero,AR,-27.7951,-64.2615,84.99,34,0,4.0,clear sky
436,Sorong,ID,-0.8833,131.25,81.5,77,91,10.8,moderate rain
437,Boa Vista,BR,2.8197,-60.6733,89.58,43,75,9.22,broken clouds
438,Jinxi,CN,30.4323,116.2922,34.21,93,93,4.41,light snow
439,Otjimbingwe,NA,-22.35,16.1333,84.96,39,100,14.16,light rain
440,Talcahuano,CL,-36.7167,-73.1167,62.28,77,100,6.91,overcast clouds
441,Dzhebariki-Khaya,RU,62.2167,135.8,-39.06,100,75,1.57,broken clouds
442,Urengoy,RU,65.9667,78.3667,-9.17,99,97,7.38,overcast clouds
443,Gisborne,NZ,-38.6533,178.0042,59.95,90,5,7.36,clear sky
444,Basco,PH,20.4487,121.9702,74.59,80,100,16.02,overcast clouds
445,Vao,NC,-22.6667,167.4833,78.94,86,100,13.15,overcast clouds
446,Inirida,CO,3.8653,-67.9239,92.19,35,74,3.06,broken clouds
447,Ostrovnoy,RU,68.0531,39.5131,11.8,93,36,16.62,scattered clouds
448,Dubuque,US,42.4833,-90.8668,18.63,54,24,11.27,few clouds
449,Zemio,CF,5.0314,25.1361,88.61,17,0,3.94,clear sky
450,Japura,ID,-0.3167,102.35,77.92,85,100,2.68,overcast clouds
451,Narsaq,GL,60.9167,-46.05,19.99,92,100,11.68,snow
452,Ondjiva,AO,-17.0667,15.7333,91.85,21,93,9.82,overcast clouds
453,Kodiak,US,57.79,-152.4072,23.94,85,99,16.42,overcast clouds
454,Orleans,US,30.0335,-89.9501,42.03,36,0,7.87,clear sky
455,Santa Marta,CO,11.2408,-74.199,85.89,57,20,10.0,few clouds
456,Lompoc,US,34.6391,-120.4579,64.09,41,100,4.99,overcast clouds
457,Assiniboia,CA,49.6334,-105.9845,30.11,63,93,8.05,overcast clouds
458,Visnes,NO,59.3556,5.2242,43.21,75,75,41.43,broken clouds
459,Acari,PE,-15.4311,-74.6158,78.76,55,88,9.04,overcast clouds
460,Port Keats,AU,-14.25,129.55,81.82,84,89,18.99,light rain
461,Olbia,IT,40.9214,9.4856,57.25,51,0,5.75,clear sky
462,Mgandu,TZ,-5.95,34.1333,62.06,97,100,4.97,overcast clouds
463,Lyaskelya,RU,61.7667,31.0167,24.51,85,100,12.03,snow
464,Zhigansk,RU,66.7697,123.3711,-20.51,100,98,6.22,overcast clouds
465,Den Helder,NL,52.9599,4.7593,53.02,78,100,25.99,overcast clouds
466,Nuevo Progreso,MX,23.1667,-97.95,57.47,60,100,3.0,overcast clouds
467,Bethanien,NA,-26.502,17.1583,94.68,18,96,8.59,overcast clouds
468,Tupiza,BO,-21.45,-65.7167,64.51,55,96,2.82,overcast clouds
469,Chapais,CA,49.7834,-74.8492,-16.82,86,37,2.21,scattered clouds
470,Rocha,UY,-34.4833,-54.3333,79.5,49,12,5.59,few clouds
471,Bac Lieu,VN,9.285,105.7244,76.82,82,43,6.62,scattered clouds
472,Dukat,RU,62.55,155.55,1.51,96,100,4.27,overcast clouds
473,Troitsk,RU,54.0979,61.5773,6.21,95,100,3.85,overcast clouds
474,Barra Patuca,HN,15.8,-84.2833,79.02,66,57,7.52,broken clouds
475,Thinadhoo,MV,0.5333,72.9333,81.25,67,100,5.06,overcast clouds
476,Eustis,US,28.8528,-81.6853,48.25,45,1,17.52,clear sky
477,Umm Kaddadah,SD,13.6017,26.6876,67.68,12,37,12.82,scattered clouds
478,San Estanislao,CO,10.3983,-75.1511,84.09,53,59,6.62,broken clouds
479,Carberry,CA,49.8689,-99.3602,14.65,89,82,7.92,broken clouds
480,Lumeje,AO,-11.55,20.7833,72.41,79,98,7.9,moderate rain
481,Lock Haven,US,41.137,-77.4469,16.07,53,100,13.53,overcast clouds
482,Kedgwick,CA,47.6446,-67.3434,-0.31,87,100,8.95,light snow
483,Honningsvag,NO,70.9821,25.9704,32.59,54,91,9.57,overcast clouds
484,Bontang,ID,0.1333,117.5,79.03,84,93,4.83,overcast clouds
485,Tiznit,MA,29.5833,-9.5,65.93,22,0,30.82,clear sky
486,Bairiki,KI,1.3292,172.9752,80.6,89,40,10.36,scattered clouds
487,Camabatela,AO,-8.1881,15.375,68.49,92,100,3.38,moderate rain
488,Itarema,BR,-2.9248,-39.9167,83.37,61,99,9.91,overcast clouds
489,Lavrentiya,RU,65.5833,-171.0,-5.67,86,5,4.97,clear sky
490,Klyuchi,RU,52.2667,79.1667,6.8,82,64,10.87,broken clouds
491,Bari,IT,41.1177,16.8512,49.87,44,20,28.99,few clouds
492,Tawang,IN,27.5833,91.8667,25.03,71,14,6.11,few clouds
493,Bonanza,NI,14.0289,-84.591,78.48,61,45,6.69,scattered clouds
494,Kualakapuas,ID,-3.0091,114.3876,78.96,86,100,2.3,overcast clouds
495,Comodoro Rivadavia,AR,-45.8667,-67.5,85.86,11,0,19.57,clear sky
496,Tuatapere,NZ,-46.1333,167.6833,56.75,85,100,4.09,light rain
497,Nichinan,JP,31.6,131.3667,43.75,64,98,4.25,overcast clouds
498,Revelstoke,CA,50.9832,-118.2023,16.59,97,100,3.09,overcast clouds
499,Ponferrada,ES,42.5466,-6.5962,61.07,22,4,1.99,clear sky
500,Ribeira Brava,PT,32.65,-17.0667,70.72,56,62,8.3,broken clouds
501,Anadyr,RU,64.75,177.4833,-8.9,83,75,1.99,fog
502,Tadine,NC,-21.55,167.8833,79.16,91,100,7.29,overcast clouds
503,Kayes,ML,14.0,-11.0,100.0,8,32,7.2,scattered clouds
504,Sterling,US,39.0062,-77.4286,26.35,64,100,1.01,overcast clouds
505,Gashua,NG,12.871,11.0482,81.0,8,19,15.59,few clouds
506,Hericourt,FR,47.5731,6.7614,47.57,82,100,4.45,overcast clouds
507,Sungairaya,ID,0.7,108.9,77.7,81,100,2.66,overcast clouds
508,Poronaysk,RU,49.2167,143.1167,4.23,96,100,9.08,snow
509,Luganville,VU,-15.5333,167.1667,78.37,91,100,13.76,overcast clouds
510,Coos Bay,US,43.3665,-124.2179,38.93,74,55,5.01,broken clouds
511,Lashio,MM,22.9333,97.75,50.02,64,1,0.6,clear sky
512,Bulungu,CD,-4.55,18.6,84.83,59,89,2.71,overcast clouds
513,Gamovo,RU,57.8652,56.1056,6.42,85,0,0.0,clear sky
514,Payakumbuh,ID,-0.2202,100.6308,71.71,93,92,0.87,overcast clouds
515,Colomi,BO,-17.35,-65.8667,61.07,79,96,2.19,overcast clouds
516,Maragogi,BR,-9.0122,-35.2225,84.0,63,95,10.16,overcast clouds
517,Sanchor,IN,24.7553,71.7722,62.96,25,0,4.23,clear sky
518,Petropavlovsk-Kamchatskiy,RU,53.0452,158.6483,18.25,87,99,10.33,light snow
519,Aquiraz,BR,-3.9014,-38.3911,84.18,60,97,6.4,light rain
520,Virginia Beach,US,36.8529,-75.978,31.01,87,100,3.0,overcast clouds
521,Aksarka,RU,66.5606,67.7975,-11.0,98,93,7.49,overcast clouds
522,Nouadhibou,MR,20.931,-17.0347,64.62,72,96,19.73,overcast clouds
523,Tortoli,IT,39.9256,9.6572,52.21,70,2,3.04,clear sky
524,Sumenep,ID,-7.0167,113.8667,78.94,86,100,6.69,overcast clouds
525,Buzmeyin,TM,38.0507,58.2056,46.6,53,98,1.95,overcast clouds
526,Priiskovyy,RU,51.9333,116.6333,-20.49,100,16,0.54,few clouds
527,Rome,US,34.257,-85.1647,28.81,50,0,4.0,clear sky
528,Clinton,US,42.587,-82.9199,18.41,74,17,1.01,few clouds
529,Balkanabat,TM,39.5108,54.3671,43.72,63,2,4.83,clear sky
530,Kontagora,NG,10.3999,5.4695,94.33,8,18,7.81,few clouds
531,Anloga,GH,5.7947,0.8973,85.17,57,58,11.74,broken clouds
532,Eskhar,UA,49.7987,36.5883,34.18,94,99,11.63,light snow
533,Buin,CL,-33.7333,-70.75,79.05,35,0,9.04,clear sky
534,Hendek,TR,40.7994,30.7481,34.83,93,99,1.81,overcast clouds
535,Kresek,ID,-6.1314,106.3797,80.56,82,98,3.4,overcast clouds
536,Amapa,BR,1.0,-52.0,77.09,94,98,3.38,overcast clouds
537,Lata,PT,40.1629,-8.3327,65.91,27,0,5.82,clear sky
538,Chaman,PK,30.9236,66.4512,52.3,45,69,3.29,broken clouds
539,Ornskoldsvik,SE,63.2909,18.7153,31.15,100,100,4.61,light snow
540,Majene,ID,-3.5403,118.9707,78.62,83,100,1.81,overcast clouds
541,Usinsk,RU,65.9939,57.5281,9.55,92,100,18.32,light snow
542,San Juan,AR,-31.5375,-68.5364,88.09,34,5,5.21,clear sky
543,Buala,SB,-8.145,159.5921,79.9,81,100,6.17,light rain
544,Margate,GB,51.3813,1.3862,56.03,70,100,5.99,overcast clouds
545,Jackson,US,42.4165,-122.8345,23.95,63,2,1.81,clear sky
546,Campbell River,CA,50.0163,-125.2446,36.45,93,100,1.14,overcast clouds
547,Zharkent,KZ,44.1628,80.0,28.31,46,100,2.86,light snow
548,Privolzhskiy,RU,51.4,46.0333,23.18,78,99,9.15,overcast clouds
549,Laizhou,CN,37.1717,119.9214,26.55,54,3,1.14,clear sky
550,Almaty,KZ,43.25,76.95,31.91,93,90,6.71,fog
551,Simao,CN,22.7886,100.9748,48.65,52,0,2.35,clear sky
552,Voh,NC,-20.9667,164.7,78.55,88,89,1.92,overcast clouds
553,Rundu,NA,-17.9333,19.7667,75.07,71,100,7.38,light rain
554,Kununurra,AU,-15.7667,128.7333,78.78,94,100,4.61,heavy intensity rain
555,Cayenne,GF,4.9333,-52.3333,86.04,72,100,3.0,overcast clouds
556,Mutoko,ZW,-17.397,32.2268,67.98,87,61,8.84,broken clouds
557,Panna,IN,24.7167,80.2,56.41,44,0,2.68,clear sky
558,Yuanping,CN,38.7153,112.7575,28.22,45,0,1.7,clear sky
559,Tagusao,PH,9.1924,117.8141,78.48,84,37,3.94,scattered clouds
560,Terrace Bay,CA,48.7834,-87.1,7.07,90,100,1.83,overcast clouds
561,Plettenberg Bay,ZA,-34.0527,23.3716,68.05,73,0,11.95,clear sky
562,Harer,ET,9.3094,42.1258,63.01,42,52,13.18,broken clouds
563,Sangar,RU,63.9242,127.4739,-33.34,99,62,2.26,broken clouds
564,Sao Joao Da Barra,BR,-21.6403,-41.0511,91.49,76,97,11.03,overcast clouds
565,Batsfjord,NO,70.6345,29.7185,22.21,87,95,5.66,snow
566,Ternate,ID,0.8,127.4,80.08,81,99,5.7,overcast clouds
567,Stonewall,CA,50.1344,-97.3268,13.95,98,95,6.6,overcast clouds
568,Manakara,MG,-22.1333,48.0167,75.79,78,0,7.25,clear sky
569,West Wendover,US,40.7391,-114.0733,28.45,43,0,1.61,clear sky
570,Santa Isabel Do Rio Negro,BR,-0.4139,-65.0192,84.04,70,89,3.94,light rain
571,Sapernoye,RU,60.7167,29.9505,24.66,82,100,10.8,light snow
572,Kot Isa Khan,IN,30.95,75.1333,48.52,69,0,4.5,clear sky
573,Shache,CN,38.4167,77.2406,31.28,36,99,5.84,overcast clouds
574,Tandil,AR,-37.3217,-59.1332,84.31,1,0,12.41,clear sky
575,Luwuk,ID,-0.9516,122.7875,77.18,83,100,3.47,overcast clouds
576,Biak,ID,-0.9131,122.8766,76.12,81,99,3.06,overcast clouds
577,Mut,TR,36.6439,33.4389,33.98,73,100,3.0,overcast clouds
578,Mahibadhoo,MV,3.7833,72.9667,81.95,66,62,10.0,broken clouds
579,Chervone,UA,49.9564,28.8645,25.95,89,100,10.87,overcast clouds
580,Zhoucheng,CN,35.9122,116.3117,38.01,46,0,1.74,clear sky
581,Denpasar,ID,-8.65,115.2167,82.06,83,40,9.22,light rain
582,Morlaix,FR,48.5833,-4.0,50.16,83,100,13.8,overcast clouds
583,Hunterville,NZ,-39.9333,175.5667,60.24,85,0,4.7,clear sky
584,Matara,LK,5.9485,80.5353,78.82,84,78,3.78,broken clouds
585,Conceicao Do Araguaia,BR,-8.2578,-49.2647,79.47,73,100,8.93,overcast clouds
586,Jiazi,CN,22.8779,116.067,60.06,81,82,14.16,broken clouds
587,Yerbogachen,RU,61.2767,108.0108,-21.32,100,79,3.89,broken clouds
588,Tura,IN,25.5198,90.2201,54.05,52,0,2.73,clear sky
589,Pec,XK,42.6591,20.2883,34.09,82,60,4.61,broken clouds
590,Tarauaca,BR,-8.1614,-70.7656,81.55,84,100,1.92,overcast clouds
591,Lasem,ID,-6.6922,111.4527,77.81,89,100,3.49,overcast clouds
592,Ardon,RU,43.17,44.29,29.39,79,43,4.54,scattered clouds
593,Kjopsvik,NO,68.097,16.3742,31.17,81,100,8.88,overcast clouds
594,Pochutla,MX,15.7432,-96.4661,82.81,53,2,3.8,clear sky
595,Makarov,RU,48.6333,142.8,4.69,90,100,5.82,light snow
596,Kirakira,SB,-10.4544,161.9205,78.87,86,100,5.26,overcast clouds
597,Hagavik,NO,60.1833,5.4333,39.18,91,75,13.0,broken clouds
598,Port Macquarie,AU,-31.4333,152.9167,66.88,83,58,6.22,broken clouds
599,Saint-Leu,RE,-21.15,55.2833,79.66,85,79,11.65,light rain
600,Semey,KZ,50.4111,80.2275,8.55,78,100,16.51,overcast clouds
601,Ola,RU,59.5833,151.2833,12.33,79,100,15.82,overcast clouds
602,Tamandare,BR,-8.7597,-35.1047,84.74,62,88,9.55,overcast clouds
603,Kolondieba,ML,11.0882,-6.8926,99.1,8,5,6.98,clear sky
604,Areia Branca,BR,-4.9561,-37.1369,84.2,58,97,8.03,overcast clouds
605,Brandon,US,27.9378,-82.2859,53.56,57,0,1.99,clear sky
606,West Odessa,US,31.8424,-102.4988,42.98,39,0,6.91,clear sky
607,Longkou,CN,37.6508,120.3286,30.76,55,0,1.57,clear sky
608,Sao Miguel Do Araguaia,BR,-13.275,-50.1628,80.65,74,43,11.63,scattered clouds
609,Zeya,RU,53.75,127.2667,-2.58,87,100,5.01,overcast clouds
610,Chengde,CN,40.9725,117.9361,18.16,39,0,2.62,clear sky
611,Popondetta,PG,-8.7537,148.2534,73.71,96,100,3.0,overcast clouds
612,Kalmunai,LK,7.4167,81.8167,78.44,82,71,3.06,broken clouds
613,Pasni,PK,25.2631,63.471,71.53,77,0,13.35,clear sky
614,Mandalgovi,MN,45.7625,106.2708,-1.25,89,70,11.79,broken clouds
615,Kavaratti,IN,10.5669,72.642,80.94,68,40,0.36,scattered clouds
616,Damietta,EG,31.4165,31.8133,54.82,72,31,5.77,scattered clouds
617,Kudahuvadhoo,MV,2.6708,72.8944,81.39,65,87,6.42,overcast clouds
618,Barguzin,RU,53.6167,109.6167,-10.07,95,86,1.54,overcast clouds
619,Puerto Narino,CO,-3.7703,-70.3831,87.75,45,99,3.38,overcast clouds
620,Maumere,ID,-8.6199,122.2111,79.52,82,99,4.65,light rain
621,Kuzhener,RU,56.8111,48.9128,12.25,95,100,8.05,overcast clouds
622,Lososina,RU,48.9975,140.3106,-3.37,82,77,6.35,broken clouds
623,Shingu,JP,33.7333,135.9833,40.08,74,100,6.13,overcast clouds
624,East Norriton,US,40.1518,-75.3366,19.62,87,100,4.0,snow
625,Te Anau,NZ,-45.4167,167.7167,55.65,85,100,3.76,overcast clouds
626,Abu Dhabi,AE,24.4667,54.3667,67.96,76,1,11.27,clear sky
627,Tecoanapa,MX,16.5167,-98.75,82.8,57,82,2.04,broken clouds
628,Nouakchott,MR,18.0858,-15.9785,78.73,41,100,8.34,overcast clouds
629,Ormara,PK,25.2088,64.6357,71.56,72,0,11.79,clear sky
630,Benguela,AO,-12.5763,13.4055,80.96,73,69,9.33,broken clouds
631,Naze,JP,28.3667,129.4833,56.28,78,100,10.8,overcast clouds
632,Porto Velho,BR,-8.7619,-63.9039,77.05,94,100,3.44,light rain
633,Gasa,PS,31.5,34.4667,55.38,68,6,1.9,clear sky
634,Cabinda,AO,-5.55,12.2,82.26,74,82,10.09,broken clouds
635,Mocuba,MZ,-16.8392,36.9856,76.59,86,20,7.43,few clouds
636,Oksfjord,NO,70.2396,22.3479,16.72,91,40,9.93,scattered clouds
637,Buzdyak,RU,54.5833,54.55,0.82,97,96,4.05,overcast clouds
638,College,US,64.8569,-147.8028,-14.01,66,21,3.65,few clouds
639,Jalu,LY,29.0331,21.5482,58.44,39,5,14.54,clear sky
640,Valparaiso,CL,-33.0393,-71.6273,69.44,67,40,11.5,scattered clouds
641,Pinotepa Nacional,MX,16.3167,-98.0167,82.45,55,18,3.22,few clouds
642,Cairns,AU,-16.9167,145.7667,76.95,88,75,8.05,broken clouds
643,Havelock,US,34.8791,-76.9013,36.05,76,100,13.0,overcast clouds
